culture,day,lactate
S001,1,0.1698
S001,2,0.4386
S001,3,0.487
S001,4,0.5788
S001,5,0.6686
S001,6,0.4791
S001,7,0.3371
S001,8,0.2578
S001,9,0.2097
S001,10,0.1384
S001,11,0.1316
S001,12,0.0729
S001,13,0.058
S001,14,0.0829
S001,15,0.0454
S001,16,0.0094
S001,17,0.0119
S002,1,0.4029
S002,2,0.5981
S002,3,0.7487
S002,4,0.9477
S002,5,1.0422
S002,6,1.0746
S002,7,1.0982
S002,8,0.9146
S002,9,0.6103
S002,10,0.6068
S002,11,0.4816
S002,12,0.2936
S003,1,0.2213
S003,2,0.3521
S003,3,0.4556
S003,5,0.5787
S003,6,0.4466
S003,7,0.3503
S003,8,0.2756
S003,9,0.2457
S003,10,0.4665
S003,11,0.6459
S003,12,0.7576
S003,13,0.8336
S003,14,0.8815
S003,15,0.8836
S003,16,0.8931
S003,17,0.9257
S003,18,0.9473
S004,1,0.3839
S004,2,0.5814
S004,3,0.782
S004,4,0.8991
S004,5,1.0292
S004,6,0.677
S004,7,0.4706
S004,8,0.2703
S004,9,0.1918
S004,10,0.1129
S004,11,0.1202
S004,12,0.0726
S004,13,0.0321
S005,1,0.2512
S005,2,0.4585
S005,3,0.6693
S005,4,0.8843
S005,5,0.9379
S005,6,1.0515
S005,7,1.1857
S005,9,1.3542
S005,10,0.7888
S005,11,0.6932
S005,12,0.4364
S005,13,0.3386
S005,14,0.2829
S005,15,0.2289
S005,16,0.1783
S005,17,0.0954
S005,18,0.1502
S006,1,0.3051
S006,2,0.5305
S006,3,0.6901
S006,4,0.7804
S006,6,0.9594
S006,7,1.1018
S006,8,1.1269
S006,9,0.9546
S006,10,0.7433
S006,11,0.5787
S006,12,0.5051
S006,13,0.3822
S006,14,0.32
S006,15,0.2666
S006,16,0.2111
S007,1,0.2247
S007,2,0.4017
S007,3,0.5309
S007,4,0.6191
S007,5,0.7225
S007,6,0.7813
S007,7,0.8209
S007,8,0.8705
S007,9,0.8982
S007,10,0.9209
S007,11,0.9364
S007,12,0.9557
S007,13,0.9539
S007,14,0.9682
